project_name,application_id,median_score,adjusted_score,final_score
Zora,0x9102357674825ed224734387fbefbf41c16fe5d9764c2f7f3e897ad3325d3990,500000.0,500000.0,500000.0
Layer3,0x91a4420e2fcc8311e97dad480f201a8ce221f2cd64c2de77280cbcc6ce193752,500000.0,500000.0,500000.0
LI.FI,0x517eaa9c56951de89261f2d7830ea49aae92f2a903104a17d9c5c2edd4959806,440940.5,480922.7,481556.2
Stargate Finance,0x62e37e96aa6e1cbfb6bd24b97c4b8f1e12cc3fe35d5388d2f041c42a12b40745,390718.5,426146.8,426708.1
ODOS,0xd5b4c54b12bf86f6eb67fec81032809a16ff1c4b4c7f0d5898fc86367db86ca6,328804.5,358618.8,359091.2
0x Protocol,0x0fad18f37ecec4f4f4ca18e60c353eb11462363e8aa14562b5d96af54108d106,319783.7,348780.1,349239.5
Sound.xyz,0x70a31809b59034a137b8ba57b092412879e779f0ea527f091776dca521edc7af,253421.6,276400.6,276764.7
Synthetix,0xcf10a15439ef8c56e1b6c22641544012bfd032c7b584d1160a7d743cb770875b,235003.5,256312.5,256650.1
Account Abstraction - ERC-4337,0xb98778ca9ff41446e2bc304f7b5d27f0fa7c2bcd11df19e22d1352c06698a1f6,208586.9,227500.5,227800.2
Aerodrome Finance,0x4288aacdda65af69c03b2c9b9d057e2b93ed1b7671e481b03c6a7b33349d2365,200946.3,219167.1,219455.8
Sushiswap,0x41b2ae8a2ead458ff7c85549a9a11380353e1ae4b234666312d495326636f77a,160725.2,175298.9,175529.8
Kwenta,0x945e356d400d37b4cd548ca3b53d4ee41a075c8b4befd0b8589947b6d8721ad4,152965.4,166835.5,167055.3
Perp V2 - Curie,0x4cf98b5dec7f0f51eb6b88ecb15639bafc7320bdc6e21ac443f4c58ebeb1245b,146104.4,159352.4,159562.3
Dmail Network,0xcbfdcf8f724d73504d1518d5ecd7d7256b12d37e68cd84569b383bfb6e2eeea4,142929.9,155890.1,156095.4
LayerZero,0x3230536d9c471231698a0fe66daeeda963282f2b594ce5a47d3dbfa53ac9d4a5,132358.2,144359.7,144549.9
Ionic Protocol,0xbcb5c437d5347be21add3972512679054416805274f80e85ab8053ae79340a69,131690.4,143631.4,143820.6
Boost,0x5c4cbf1cf48fea0f82cfdf33b94f43910f3062b6cca1fbfe46d4ee7e1f5506d1,128908.5,140597.2,140782.4
Party.app + Party Protocol,0x850df51e29f2846a5f085d88e6b6fc13fad51ad7161f8a825ed09d470668161a,127800.0,139388.2,139571.8
Synapse Protocol,0xefaeef1446de875ab6e50d31c8dbe776f99d884cb8cb68d50b1384067e4aeb6b,126470.8,137938.5,138120.2
Aave,0x3061b642db56c507e265f03029735b0413a613bda43456a31e78128baeb18754,126344.3,137800.5,137982.0
Seamless Protocol,0x7539f43dc91f9c406c83a06339708e4033cdbf630916c6dfb9de2b5ef811affd,118872.9,129651.7,129822.5
Velodrome Finance,0x08df6e20a3cfabbaf8f34d4f4d048fe7da40447c24be0f3ad513db6f13c755dd,110862.2,120914.6,121073.9
Rainbow (Rainbow Router),0xffffeb1d3576c1e847701c225975ee1a10259e05366b477e98fea7a47c5e5896,109095.9,118988.2,119144.9
WOOFi,0x000c2ce4773defb3010a58d3800d0ec9d432189c574ba26d3103f1db44a5af6d,106464.5,116118.1,116271.1
Holograph Foundation,0x1a6ff49fed19e164fd6b39f668f391cfc7fc493906e942c74997aacee91be632,104333.7,113794.2,113944.0
Kim Exchange,0x69f13f6351489812a9052412e273ba726383744c8c482ac877c6a4e9f3b1d3ad,101818.4,111050.8,111197.1
deBridge,0xf24315614063278ba3543e1717791132a9afa79b0e65baa01a85bcccbdfa215f,100379.0,109480.8,109625.0
NFTs2Me,0xd54e1032bf16d649f8f8f0a7da42a249966ad4a270b4c17b24ded1e32c97b2bf,88697.3,96739.9,96867.3
far.quest - Farcaster Super App,0x182f5a5c04ccdc4739ee9f362af72d7a0f55d6b410cc9dc2b52dc7f99f06f3f9,86411.5,94246.8,94371.0
Manifold,0x8e60d35b5b545cfb3a2264c6f95024c0359b00a3febcb7a56967934ce917783c,79072.8,86242.8,86356.4
Zerion,0xd61084147c0e08c9a304348584c6bd0e9974a4073bff55f6b1728730b6ce07f7,76038.3,82933.1,83042.3
Highlight,0x331511dd6300baf10a35b2d3f3953fd7160412b970049b3a63b64564ce26c347,76002.5,82894.0,83003.2
Maverick Protocol,0xeb377d41abbae2f67ac73ca422839208377f5823d189b3435874946e194324ea,74879.2,81668.8,81776.4
Moonwell,0xd4f0252e6ac2408099cd40d213fb6f42e8fa129b446d6e8da55e673598ef14c0,73396.1,80051.3,80156.8
Tarot,0x526522707f6c225a9bc7ea54e572f995eb3c794f34756f514d976c61729e8a8d,72476.0,79047.8,79151.9
LogX,0x6af74a9a8d1b53bc559f1341fdc76464ad4624641f9c5749ab327040b6319d2a,70509.5,76903.0,77004.3
fxhash,0xa2a580dae44336df1cbcb7a5303880f393068fb96116e10e180e10f5745dccd4,69546.9,75853.0,75952.9
Paragraph,0x9da706c1c51cd59ee70b5814c10246ed1a786cb1a77339e84d96ed006b5792ce,68988.2,75243.7,75342.8
Across Protocol,0x72723e07fe409557489a6643b43d9493a94c10ba68230b0527f01834cb6a550f,67684.5,73821.8,73919.0
Basepaint,0xc0901c8f9503f0bf91a1cca0c6c90e55af8719cc2237fb4a0bf0770b307cbd11,65533.2,71475.4,71569.5
Gitcoin Passport,0x120cdd8e43ae1efbafdf02eda876e1952c05a52870c8d5a8f56d9ec0f79f586d,63251.8,68987.1,69078.0
RubyScore,0x482720e73e91229b5f7d5e2d80a54eb8a722309c26dba03355359788b18f4373,61589.0,67173.6,67262.1
Compound Finance,0xd3d00c946f62ac8cf49a85e3ab7d295d3b56f68d0b9f1fa4d595742fa372cf78,60378.6,65853.4,65940.1
Decent.xyz,0x38c38455bb0fd71d2929fcf799279569ab5f5c5d3e1f92f8642ce87aa25accdf,57639.6,62866.1,62948.9
Zeronym,0xf7669f10edbb4ca465f6a6b5ec7e90521a0011e8b3233c43e3cd0dd22633d67f,55947.2,61020.2,61100.6
Multicall3,0xf1d9b05abe0f41beab3e5f4b829afd9a7ba3679829d4be72c45e0d340f7bffaa,54675.0,59632.6,59711.2
BaseSwap,0xca3f26e1c876e821d2384a5cb699c6be494f9810301c2e2be49c232656262642,52183.3,56915.0,56990.0
Extra Finance,0x512f97f1de28ad530f752d53bf4f56ed16d34a3121f0512cd5a0485c2074b312,51151.3,55789.4,55862.9
Owlto Finance,0x5bf4cb9356352d8d123d9925d213594088a16a5aacb407030a2b25de728217bd,50814.6,55422.2,55495.2
Thales Protocol,0x32544f86ae24d37df67bb6e7eb98eca5003932567225ed85e34f72bd0dc859db,50185.8,54736.4,54808.5
ParaSwap,0x40666399bef533ba8b13292f910c26f5523b057ed33a51d3d90d2fe0079a1c9e,49840.8,54360.1,54431.7
Supswap,0x89d5dbc8003e6b6919273e991bba7d6a951491a408e47978a22baa046d225941,49764.7,54277.1,54348.6
Balancer,0x1c33980ce1d1290b5300719114dbe2cade0b820cb2b45321b715fd53d7abc8d2,47917.2,52262.1,52330.9
pods.media,0x098fca4a62159ddfc2c45dc2931a727d56f039b8f68e31222b927aaf2ce75b9e,47224.1,51506.2,51574.0
CyberConnect Protocol,0xf0e2abf650dc97b4223f82ef94fc6251942fff0f4d75d49d63a4017610045907,45935.8,50101.0,50167.0
Sonne Finance,0x636ce56a00ff90ba0bbe96b4d581a09414da0d3ed44b71ae38b29b9be7ff20a6,44393.1,48418.4,48482.2
OpenOcean,0x24ff0fb2933e55b169a80d9bd35a00a7011795387717b27445ccdc0f8660d740,44213.2,48222.3,48285.8
Multicaller,0xfc54b4a9c537be25238cba3f05100b733aeee83a3eb3fdae60d651b3b913390c,43078.3,46984.5,47046.3
Orderly Network,0x52d9a9709aeb50c10afb0f67a35f1a538bc6897c9f45161d39c37fd566fbe19a,40371.7,44032.4,44090.4
Ethereum Attestation Service (EAS),0xa88844cea135382e3484e39c3172033437121b35ca0bc8b10b9b8253984876b5,40344.8,44003.0,44061.0
Superfluid,0x3ecbf66c1b21342b26acb0f7d4c6b8bbbef168ffafff3f425de3503fd8dfa535,40231.7,43879.7,43937.5
$ENJOY,0x3fd997714a3a9df6dce8a21992dcae361b34432d39b7fd7e04e52eaf0aeaa588,39536.1,43121.0,43177.8
iZUMi Finance,0x229cb4bd0c69afd89939b1e1364be950a79045c8233ee9278a6224814873c314,38082.0,41535.1,41589.8
Smol,0x79fa54d6c030c7803827e96933fc93b092f638079c738d13a27a08b3905b95ec,37815.8,41244.8,41299.1
Coinvise,0xc7bd0b2faaf873e06066c2a986c2b657ee4c9b31a61bfb5e91825e1dee546dbc,37354.9,40742.0,40795.7
Hyperlane,0xa47182d330bd0c5c69b1418462f3f742099138f09bff057189cdd19676a6acd1,35963.7,39224.7,39276.4
SwapMode,0x491ffd3c2e4c25ab7fbdbefe0f5fc8dc2beee5ab801287b9c6c93c9c3c810463,35864.4,39116.4,39167.9
XSwap,0x895299e2f466a5b500fbd80b8da1d2d2a9be6a71bcf772aed795aa0457e8baaa,35324.2,38527.2,38578.0
BLOCKS,0x306977dfc31135826a031cca8ffcb1f82d8f14c9371f0362274be1dfa984f373,35223.6,38417.5,38468.1
Avantis,0x6371518c95cfa543514e01a77d470c695fac36691cffa3a45e992b2c0cc6ba72,34487.4,37614.6,37664.1
Phi,0xfb9c6b3dcd75e0d0f4e0b0d4b27a4e1398ec6147eb1af3499eb8b87145bfa709,33773.7,36836.2,36884.7
Gitcoin,0x6aa80764b6082947c3b2de86fe12804eb475b0afb719de50b9eed60b86f20535,33171.3,36179.1,36226.8
Overnight Finance,0xf900c29f3adf3153dbfbd974303e590850c0d2ced1966490c705290a63ffea1b,33064.0,36062.0,36109.5
Alien Base,0x4bf2ac1013cbae40d5fd671442d4bf276e389de415b4b070c5038b3e9851667d,30118.7,32849.7,32893.0
Ironclad Finance,0x01d8c3bc48ed5f94c260dcc8698eb61f48b06f70b0596c65fbcb1f369c092be9,30104.4,32834.1,32877.4
Builder Protocol,0x46cd8d30b17201a2c573336842ad0e4ee866eb51d885027efe9dff78bff1c086,29070.8,31706.8,31748.6
Reserve Protocol,0xab1ddf597f6539acc5ad601c2a6d2899c0475cfd9cc3b837939b1084ba5d7a36,28265.3,30828.2,30868.8
Beefy,0x30769523b16315b6404ce3c6dbaf610028acdf3133dca8a4d427e0d19d3628c9,27430.1,29917.3,29956.7
Gloom,0xaf344305f30af57f984af95f7c8570fdfcf7520b55e605bb34095ba49f8a385a,26968.7,29414.1,29452.8
Ham,0xe2cffffc3c00303412781c879691480a5e6e91f936ca073321babb01c6969080,25887.7,28235.1,28272.3
Bored Town,0x5316b19c17eba417d70b924baa6a1c467b14069968424d14fcf1409f2a308873,25782.5,28120.3,28157.4
Wormhole Foundation,0x35e2308213d675d5c25463a80fd318c2ae2478f47c4fabc854f23ac40df196c5,25757.2,28092.7,28129.7
L2Pass,0xe20f59eb1c8f9cb72e07b8d0f067bac997614fd6db06d8c031c5c9235f760dcc,24956.6,27219.5,27255.3
NFT HOOK,0x37c2292c6316d1f9b796c3eeac2049e38f31eb3dee37db0e7987854de1b001d0,24876.6,27132.3,27168.0
Gamma,0x20528d941017e017af28e86bd57bec2c7c5467e6ed952941502e04493a966cb3,24830.7,27082.2,27117.9
SwapBased,0x8595f830f4d1716621d19bca6394f304837133fb473d8fcd1699e84402df1409,24421.2,26635.5,26670.6
Catalog Radio,0x8c0d39ff0da67bf02e286f0d9e92da3470476333f185cc72c1db4923ace41901,24264.4,26464.5,26499.4
Hedgey,0x928dcd931ff2bc44a5d3b15c500adfbf8d3e3a89e4936823e0b3f053c38f978c,24186.5,26379.6,26414.3
Sturdy,0x4b987d79912367ada6c3fa1bf6ad1daa6d164078f8c5efc8db2128b9231087a9,22780.6,24846.2,24878.9
Guild.xyz,0x3d009f8f7c1e8a3bcbc81ca8ed60d2e86b956dd0fa68c4595f851be37052a2b5,22772.9,24837.9,24870.6
Router Protocol,0x4d71401a0dbd9b3dd890fbc70baaf872d16db80af149e20f7ef1805fc94f6df6,21519.9,23471.3,23502.2
MiniBridge,0x15b210abdc6acfd99e60255792b2b78714f4e8c92c4c5e91b898d48d046212a4,21385.1,23324.2,23354.9
Splits,0xb6266f3d955040aa7583f2f346db87abe0649f545389af3cc8fe302aacfc850b,21380.3,23319.0,23349.7
Hypersub,0x6435c8574014275b1d554a3ab9dd85f775fa3563258ce855d6aeb07e7918f6e5,20962.2,22862.9,22893.1
Speedtracer,0xf1d424db61a36ef7e1bef62f6c62f00b2e5ff74ce12c9ca3d11d3dc39e7f14ea,18976.6,20697.3,20724.5
Omni X,0x6a39702efd7d2658c0b26f05397ea9802317e40404e9c5f3f37ceb9b3dfc71b9,18844.0,20552.7,20579.8
BMX by Morphex,0xe5c133e05956a3939b9a78f4ad5d0a897a027da60a7d5e1b6276a2266211f69f,18194.9,19844.7,19870.8
🏰 BuidlGuidl,0x79196c0af1a1f78fe5a009a4753c46d2271b17fc2836e1f6635822f8f4cb3b61,17060.1,18607.0,18631.5
sudoswap,0x73899e48df9f895ffbffc36d53ce970c1454c8eeb0700ed20f303bf936b6a0f5,16855.9,18384.3,18408.5
DackieSwap,0x18e7582de42dd9a7fd2cb69fb6566b8bcb3e86b936b229b0c5af78fa1de791a4,16711.7,18227.0,18251.0
Loot2,0x7fd77f963d3383d7aa4dd67652c6554ce6f0661aad01afdbeaef33c3e5957a69,16632.3,18140.4,18164.3
Guac (Farcaster),0x07bbe4af3099fbf9f18fb4ac7078ee836c5d0d3cc2c29f192dd366455671e2a5,16575.0,18077.9,18101.7
Slice,0x79159d9bd4981ce68651fb4d585fd5827215309e503f46209adb0ec438f71b30,16369.6,17854.0,17877.5
Let's Get HAI,0x447b6819a0fa334f2429f86c022cf75ef3cad7e6e96078cb361ab961514b5125,16070.4,17527.5,17550.6
PoolTogether,0x45064f78302aeee0d4ea3667a39d3cffa25157b131aba8b1c0d9cfb7c085f87d,16015.3,17467.5,17490.5
Lido Finance,0x7747e26c3538f93bc67d9e13f343464996624e96fe549e3be484e848a1f61732,15450.6,16851.5,16873.7
Equalizer,0x3065db37b2feaa39fe11e313726e38fc14f461c174629174e2f434f2cfc938f9,14409.4,15715.9,15736.6
EthXY,0x030d3b4efdbeb15c8c70bbb4c4fe194c1893ef126148146235412a5d1eed3b97,13940.2,15204.2,15224.3
Omnisea,0x4373578c03f67b70d7f3e49681e901e66dc705efa292343c2370569cbb3245c5,13202.8,14400.0,14418.9
Coordinape,0x8809b8e6597cfc24a10313db53a1e7b102790160cb803bc47e07848b14fd0b5e,13052.0,14235.4,14254.2
Polynomial Trade,0x3e2458fd10201c3e66960a93e2a94e95861450bd29d040f6a077581fce165e29,12816.0,13978.1,13996.5
TITLES,0x8b480f19bf914a4f811346b85a9410af55aa52622b745cbc46d4507c28838821,12698.2,13849.6,13867.8
Pika Protocol,0xc30088981419c79a913acb4d63a47fa6813a00d7419cdcfefde4a0f89b24b864,12510.4,13644.7,13662.7
BSX,0xc938557155993da8f33857e52d7deb04421d1bb341fc24216563aae64fe32d36,12381.3,13504.0,13521.8
Linkdrop,0xd765664dd27255f1ba341fbb3375439a57fb6a92313df2f7af7856233f415ed7,11802.7,12872.9,12889.8
ModeChat.xyz | Onchain Social on Mode,0x83dcff4c909bbcc0a141c180a7a282180e14dbc11f3de8d288932a6b017cb86a,11711.5,12773.5,12790.3
doginme memecoin,0xeecfa614f020c2ea4c2eb431246befedf35ddc6c52cfaa83d0c4caf2f580f9f4,11683.1,12742.4,12759.2
Keng Lernitas,0x62043b7744f559522f071821d2a062e2135c21a7759c685cf72ad03f9774b123,10797.1,11776.1,11791.6
Biconomy,0x220685a4514003f22cbf18a7ddd9c09f88c2383daed6cbfa3437b22a51c07c26,10249.4,11178.8,11193.5
tanX - The World's Leading Institutional DEX,0xa8213245a57be579692ead3a2381364f5942a68afd17b41a3ec1079e50af1a26,10085.4,10999.9,11014.4
NiftyKit,0x3890b8264147dbeaaefc6ba0eb6df0fca5fb7ebe508fa1ed87065c58387ead92,10051.1,10962.5,10976.9
Zerius,0x6dde8a1ab47a68ec31d112a28ed9777d5d753b3aee17ea2452bc7d787f944974,9887.0,10783.6,10797.8
dHEDGE,0x0c327d5f07a0abc24d646de807a9768619a34ba5277b24fc935b1edf57fa6244,9574.3,10442.4,10456.2
Get Mint,0xdc8c675a16e135a3518852b240cde44e9105622473623bf86725a9abb8d18847,9355.0,10203.2,10216.7
Morkie,0x2a2d2dbfa03619094fbeb6474776f2f3b5f6be443c8576abc6f3caa2c18dc45e,8822.7,9622.7,9635.4
Metronome,0x6c4b5386ddf396c088d3a96a65fb8a928a2a9edeb6eeb46ec6179acb5eaa23fe,8781.3,9577.5,9590.2
DefiLlama,0xae07bfec2c3c90937679f8c8c5c32e80407c09903aa03d1b5e5a075e67592b86,8475.3,9243.8,9256.0
Opti.Domains,0x66cce776ce6eaa99192120fc25b91ecc7b98e03210a08f0d3bfda82f542d3e1a,8305.1,9058.2,9070.1
Exactly Protocol,0x89216c66f45f82595fddb810c78df46fcee9be72181e9c92b26b0ce31bd6f413,7966.9,8689.3,8700.7
Virtuals Protocol,0x780cf3d5aa4e3c94b8a4157f4b06a3f92ebcc20813585e20e3fe0271bf76b7a9,7789.1,8495.3,8506.5
Revert,0x8016ec0d5302d0347a567897083883e11e112d7ed17319f88682213470a3ac49,7735.6,8437.1,8448.2
Aura Finance,0x32a687fa8ed3dc2679b9be5653dc7b0765a5099064501ad183d2d8a1509f4871,7699.4,8397.5,8408.6
TLX,0x6bd6aba90e1e5cb41236bc52a96f5ce65686568ff95fe535c865658c73947198,7554.4,8239.4,8250.3
PRINT3R,0x351158069e6f06eb4a2fa36878e653ecee7089db3ed4a1e2af1d0fdeb6670e6a,7526.0,8208.4,8219.3
Circle.tech,0x46ca6c364e7a7bc7dd79db1f22a66b305a77f8c912636b00a4b9a6b28c423e8f,7310.0,7972.8,7983.3
Pheasant Network,0x2d5167181143298e3d002d318d8b1d2917b8c3205a5634549c95cab0ff32cbdf,6854.9,7476.4,7486.3
Noggles ($NOGS),0xc8aefb795901b721da74124680a1ab4021a8753f474daaf351667c974d8bc72d,6778.2,7392.8,7402.5
Blob Farm,0xdfad16356f7cf4f0550787eae192ef0d7a8bde878b765e8fa302dc7e20ff360c,6624.6,7225.3,7234.8
👑 King of the Degens 🎩 - Farcaster Frame Game,0xded5569a48e46a8b71d2b347d90b0319a7dc8f2f599fcf902afb032877b5561e,6462.9,7048.9,7058.2
Velocimeter/Graphene,0xe8e098fcf95bef2c282b75014bf8ea46231896a4ba19fc17be3bc186d43dbb07,6347.4,6923.0,6932.1
Streameth,0x848488156d9bfc5356583da57253193a258acebcdbc3ba2a10dc8ef81bd815fe,6174.1,6733.9,6742.8
Nogem,0x91b002c41ae45979dda4d66becc0d83fe92a20af00b59c1c5ab443492b896a0b,6171.1,6730.7,6739.6
Harvest Finance,0x41cf185bd4ee6592c65edcb7360e2e56e069fe50ea4adeb7aaee243f7a515c92,6120.9,6675.9,6684.7
Onchain Blobs - Randomly generated onchain blobs minted via a Farcaster frame,0x3ea87586a0d82cb8824a045fdd1a95b0397a02a7534dab5e4b3538afe43ddf39,6056.6,6605.8,6614.5
3DNS,0x08d4923c8047ec8856f54a1d6e0763d41eaced38e621b2f15284437918defe1f,5803.9,6330.1,6338.5
MYSTCL ($MYST),0x640b373ea180a464679db947b03f611766e2fb911206470e3e041ad34c1ad7c2,5769.6,6292.7,6301.0
Slugs,0xc9976099df2ee3d1b71e966f8e80ef907846f36152f2e5957fb31890f18cf76f,5718.8,6237.4,6245.6
DackieNFT,0x44ca2c89a912ec7e3f2a38aaecde63044fcaa3024839eb628081a3bcba9c0490,5684.8,6200.2,6208.4
OmniHub,0xd7a8e115b2b3772d7d5656d7798e349dcdedf2463302c78528c9e9686ab4efe3,5579.1,6085.0,6093.0
Unlonely,0x27eb7d5d11ce5a3cca4358a8a6b2ea65fdac15655fb1d29d2d47908999586ad2,5415.7,5906.8,5914.6
Arcadia Finance,0xdd35cc4641c3c35bee5782fc0442b2a1b88a058ec0a7b90ba32c70347e4e9194,5259.3,5736.2,5743.8
Vesper Finance,0xfa434705204825a48e5f4a8dd34e548cc54988c592c2aaae54faf8da0a139ffd,4689.5,5114.7,5121.4
OptiChads NFT Community,0xad43dc524ae73ce9398d0378c5ba9fa53c3394ac9e90f7b60df7b4a7d028f476,4652.2,5074.0,5080.7
Whale,0x9ee9c906642c79f905691d25a3bac3627b2f709e8bc20883afda1c4f2b76ef7e,4587.5,5003.4,5010.0
QiDao - Mai.Finance,0x797dbac78f23a0c01378b0803063fe70618e7744ca516e5aef1e7ee244fded51,4534.6,4945.8,4952.3
Copin.io,0x8fa98773f72474172c2fe75fb7ad3ae2274edd1bc1635b77dd175259dbfde5bd,4523.8,4934.0,4940.5
Pixotchi,0x43c0bbbedc1c04715c3fb34b9387a0779a0d43092c716c29949e7099429eccdb,4451.2,4854.8,4861.2
Infusion,0xf234dd929b802645332b513bc9ecc47d83ea513fff791f3a9c6788bbd8229db0,4427.1,4828.6,4834.9
Kiwi News,0x5b054742b09f8ce4092a15700ef9781520a6ff2928ba5ee09c78ad4dd8817b85,4399.9,4798.9,4805.2
Clipper DEX,0x702aae08d1f82c410a51fe243bd662d5639543c4706deb3dd2932e5909552afc,4279.6,4667.6,4673.8
The Open X Project,0xc935089f9c7b01bef6ca8deade91e04ffa79f7e6fbe7141d4c30c3a76a855e5d,4148.7,4524.9,4530.9
Crowdmuse,0x46b434953909491a2555ccb9cdaee3417765721a33a302a470b25aa6926cae61,4044.4,4411.1,4416.9
Receipts,0x78aa10e4a035b703753c0b399a608d22520a932ae7b7554f6ed148928a0a016a,4044.1,4410.8,4416.6
Whimsical Euphoria: A White Inflatable Sheep,0x79611ec31e5cee4ed9ca01aa92bb709c045ff0e0bc59ad1c03ca1df50fcb5880,3944.6,4302.3,4307.9
Giveth,0xe434930e189c807b137ff0d8e2fa6a95eaa57dde574143a02ca0d7fb31a40bea,3933.1,4289.8,4295.4
RMRK,0x2b6c413a5b076f917ada28ac44b0995daee75f06678705d1eb75ff5da38bdd3b,3765.2,4106.7,4112.1
Hats Protocol,0x8967594d2978692a35fea137ba640bb42f11cad907ca6b0bd01f3718fc4c7f5b,3745.3,4084.9,4090.2
Portals,0xc13c7f458b87400b3d435c48c9536276073ba4c2038bac2af8d9c40a6a9dcd14,3535.2,3855.8,3860.8
Umbra,0x6c7990e08e4fbbb37b7df628116d66e53a14dcc3328bbf124be3245bca366068,3526.0,3845.7,3850.8
Basic Dog Meme,0xbdca9dd029e6fcfbe269429f1db7a0e7f73334e253995f68146fc88fc17cdb3f,3362.7,3667.6,3672.4
Idle,0x4feb65733264313314056d99958c55902bd2e77139123e73090f46249603ae18,3259.3,3554.9,3559.5
Your Brians,0xe85701181a20c498c1521e35d203247a7ed0a54e496d52119eccc2e28e8cf078,3224.0,3516.3,3521.0
Scry Protocol,0x278442aa60cfdfad09d58112baecb05486dde654b47db21fb3d2274a2639bd47,3199.2,3489.2,3493.8
PAWS Wildlife Room Onchain Vote in a Frame,0xa20b4eaab24516b287792b0d45c2cb890561f2db5910a6b9a2507bb4c8d84455,3116.7,3399.3,3403.8
Bodhi,0xe173916be16955177d6b6380f50cc2e943e906c3e337736b361b5dbe477e7685,3112.9,3395.1,3399.6
HOMES,0x4bb52210fd390559dc9757138ea8ce189d7bd73f15314209775a9c6fecb969fa,3053.6,3330.5,3334.9
zkBob smart contract privacy wallet,0x61d2e05f988e678b240a7f00c5f722a5a69f06f085f4ff33199e835a46949469,2936.1,3202.3,3206.5
Union,0x59a9c9e954400f540020b2c61bbdac4d4bf1582c902fe7d49fa9fc0907ee3f4a,2915.0,3179.3,3183.5
Gangster Arena,0x87d49ebca1bda6345aada7953ff55aa18acd69bf97caecdcedfac93b506ef0d6,2887.6,3149.4,3153.5
Wombat Exchange,0x1d585df770de05257717b33075f6d32e79fb60ec507cff35e51a0e478a4a54a0,2814.1,3069.3,3073.4
Base on Rarible,0x7a13acc03022c7f42347006fd95d2aeeadd0a0e7411ae6405c645814814fd093,2766.4,3017.2,3021.2
Drakula.app,0x54ff216c822bda60476028563e056b6aa5d48aeffa73173267cb988a340c5332,2731.0,2978.6,2982.6
Daimo,0x31ad5901da0dd56bc4e1649645365b03443ac0712c72431bf6132b121b8b96eb,2571.1,2804.3,2808.0
Ethos Reserve,0x753735dcf81ae3bd485765a433f7d9fd93f704bc8713d873b4cacfbbec060c0d,2568.7,2801.6,2805.3
Mintify,0xb41e32621e56fbe7d89052f3c852ff70c6bfe21ba5a91910ef2fd548eb6e4e8a,2456.9,2679.7,2683.3
UNCX Network,0x396426679c3986320a3aa0c23b69857c06cb41ff0c92ac81aaa0332e5200ec9c,2212.6,2413.3,2416.5
Mochimons,0xaec46d1927be76868345f3c076c66b9991d6e2cb1f0589dabd768cf14638b34e,2204.8,2404.8,2407.9
Liquidify,0xb0c8fe8e359a91bc2fa4b7498e2c7f6a50f730ee1dc821bee016a4b7feb7639e,2140.6,2334.7,2337.8
Alchemix,0x12d482385e2c26d37da1f30c513d66c1fa39e9ed4980a49a51b23caa7b2ce0bc,2140.1,2334.2,2337.2
ORA Onchain AI Oracle on Optimism,0x87c29aa0ad226c7f20cf3f37842ced2a795ad38a03a18f0829d1c09dbc77f51a,2104.1,2294.9,2297.9
Summer.fi,0xf9a4e3b240bf6d40ee533e5ed63a8288b1a739ee382b1f23ccc5229b7bc8a498,2050.4,2236.3,2239.2
Astaria,0xda73a17b6b38aafcdcd684f5e10dbb5aad0b114ced4bf87c91afadf362df17f3,2050.0,2235.8,2238.8
Based Onchain Dinos,0xb9b7f1175044c211555b5589ee389263d2e455f99c1505e6b121cf6e3f5caaff,1994.7,2175.5,2178.4
Trash NFTs,0x935315db8c17993464cfb28337442ad60c6cd434305130a1d5d898e92d6d8123,1841.0,2008.0,2010.6
Crypto Composite,0x6b8cc2b8d8f7a051927d058af2e742fb940a248c4de357e2a7a6b58f01831d44,1672.7,1824.4,1826.8
builder.fi,0x7d7720ffd4c1ba8e67473a24a14ab4fab47486102436e14edf63ed2070669d49,1627.0,1774.6,1776.9
Tokepad,0x0d1810bae195eec71762b45236d0b9fd0a37c3089f7c466453b86e961326f8a7,1557.3,1698.5,1700.7
ZKP2P,0x941cd8e246098a5392e47379f6353f6e37c769b022546b640aa5c6c78f91119e,1483.2,1617.7,1619.8
Aragon,0xa08c7ab7824d147d6cb87ffb4e86cec454a030d48b8c395bad6d64456be3d911,1429.1,1558.7,1560.7
Unitap,0x2e7c3fcaca4cfa15199cba38b7f5ee0e18377e069dc8237d03fa7620d44d3cd3,1410.8,1538.7,1540.7
/send,0x5614d129eba060ce7d224e8e8f9f29aeddfdb572b0dd45edc81f18f5307bc01a,1275.4,1391.0,1392.8
PiraNFT,0x28e90d2194452d0b959d1729eb5bc9183681bd891efb59aea2383b0ac7fd53f7,1269.9,1385.1,1386.9
IntentX,0x2ddf5b9dc64f873d6557b4f63de936cf278f8851deda857244a1be44d1a1e950,1155.6,1260.4,1262.0
Egg Wars: A Game on Base,0xa4d3729a488eeabcc3a59de70b760391db50e9bf488d5942e704089c58825c24,1140.4,1243.9,1245.5
BaseDoge,0x69e36f30f2a21afb2eb61156ca00f303434ba8868315abec3eb8780b812fe976,1067.4,1164.2,1165.7
Cygnus Finance,0x3f11bc2231f22056737d8bc5338c06bbb1637de54c71a65eed9d6500a8fbd1bc,1048.4,1143.5,1145.0
Pyth Network,0x892cf9449b4046f9b68efe6ffccfcd8df1322b1a9ffc65a2bbfe1207c4ceba8d,1003.3,1094.3,1095.8
